<?xml version="1.0" encoding="UTF-8"?>
<Base_de_donnees xmlns:xsi="http://www.w3.org/2001/XMLSchema-instance" xsi:noNamespaceSchemaLocation="xsdd.xsd">
  <CANDIDAT IDENTIFIANT="67" CIN="HH305281" CNE="k149043152" APOGEE="21940">
    <NOM>elakil</NOM>
    <PRENOM>Zaynab</PRENOM>
    <EMAIL>safiobusiness@gmsil.com</EMAIL>
    <MDP>1234567</MDP>
  </CANDIDAT>
  <CANDIDAT IDENTIFIANT="68" CIN="HH305281" CNE="k149043152" APOGEE="215940">
    <NOM>elakil</NOM>
    <PRENOM>oussama</PRENOM>
    <EMAIL>safiobusiness@gmsil.com</EMAIL>
    <MDP>1234567</MDP>
  </CANDIDAT>
</Base_de_donnees>
