﻿<?xml version="1.0" encoding="UTF-8"?>
<?xml-stylesheet type="text/xsl" href="lpdiploma.xsl"?>
<result>
  <LP>
    <libelle>Informatique</libelle>
    <typediplome>
      <libelle/>
      <libelle/>
      <option type="DUT">
        <LIBELLEOPTION>GI</LIBELLEOPTION>
        <LIBELLEOPTION>Sc. données</LIBELLEOPTION>
      </option>
      <option type="DEUG">
        <LIBELLEOPTION>Analyse de donnees</LIBELLEOPTION>
      </option>
    </typediplome>
  </LP>
  <LP>
    <libelle>management</libelle>
    <typediplome>
      <libelle/>
      <option type="DTS">
        <LIBELLEOPTION>GIM</LIBELLEOPTION>
      </option>
    </typediplome>
  </LP>
</result>
