<?xml version="1.0" encoding="UTF-8"?>
<?xml-stylesheet type="text/xsl" href="param.xsl"?>
<Base_de_donnees  xmlns:xsi="http://www.w3.org/2001/XMLSchema-instance" xsi:noNamespaceSchemaLocation="xsdd.xsd">
    <PARAMETRAGE ID_PARAM="43">
        <POURCENTAGE>0.6</POURCENTAGE>
        <COEFF>1.7</COEFF>
    </PARAMETRAGE>
    <PARAMETRAGE ID_PARAM="44">
        <POURCENTAGE>0.6</POURCENTAGE>
        <COEFF>1.5</COEFF>
    </PARAMETRAGE>
    <TYPEDIPL ID_TYPEDP="56">
        <OPTION ID_OPTION="63" ID_TYPEDP="56">
            <LIBELLEOPTION>GI</LIBELLEOPTION>
        </OPTION>
        <LIBELLE>DUT</LIBELLE>
    </TYPEDIPL>
    <TYPEDIPL ID_TYPEDP="57">
        <OPTION ID_OPTION="64" ID_TYPEDP="57">
            <LIBELLEOPTION>GI</LIBELLEOPTION>
        </OPTION>
        <LIBELLE>DEUG</LIBELLE>
    </TYPEDIPL>
    <DEPATEMENT IDDEP="15" NOMDEP="info">
        <LP IDLP="16" IDDEP="15" LIBELLELP="Informatique"/>
      </DEPATEMENT>
      <ACCEPTE IDLP="16" ID_OPTION="63" ID_TYPEDP="56" />
      <ACCEPTE IDLP="16" ID_OPTION="64" ID_TYPEDP="57" />
<BAC_2 CODE_DIP="23" ID_PARAM="43" ID_OPTION="63" ID_TYPEDP="56">
    <RELEVEANN CODE_DIP="23" IDRELEVE="17"><CLASSEMENT>45</CLASSEMENT><NBRETDPROMO>150</NBRETDPROMO></RELEVEANN>
</BAC_2>
<BAC_2 CODE_DIP="24" ID_PARAM="44" ID_OPTION="64" ID_TYPEDP="57">
    <RELEVEANN CODE_DIP="24" IDRELEVE="18"><CLASSEMENT>44</CLASSEMENT><NBRETDPROMO>120</NBRETDPROMO></RELEVEANN>
</BAC_2>
</Base_de_donnees>