﻿<?xml version="1.0" encoding="UTF-8"?>
<?xml-stylesheet type="text/xsl" href="pstyle.xsl"?>
<Base_de_donnees xmlns:xsi="http://www.w3.org/2001/XMLSchema-instance" xsi:noNamespaceSchemaLocation="xsdd.xsd">
  <CONDIDATURE CODE_COND="78" ID_ANN_UNI="81" IDENTIFIANT="69">
    <STATUS>1</STATUS>
    <DEADLINE>2022-01-02T06:30:00</DEADLINE>
    <MOYENNE>21.78</MOYENNE>
  </CONDIDATURE>
    <CONDIDATURE CODE_COND="79" ID_ANN_UNI="81" IDENTIFIANT="78">
    <STATUS>1</STATUS>
    <DEADLINE>2024-01-02T06:30:00</DEADLINE>
    <MOYENNE>19.78</MOYENNE>
  </CONDIDATURE>
  <CONDIDATURE CODE_COND="79" ID_ANN_UNI="82" IDENTIFIANT="69">
    <STATUS>0</STATUS>
    <DEADLINE>2024-01-02T06:30:00</DEADLINE>
    <MOYENNE>19.78</MOYENNE>
  </CONDIDATURE>
  <ANN_UNIV ID_ANN_UN="81">
    <ANNEE>2021-09-08</ANNEE>
  </ANN_UNIV>
    <ANN_UNIV ID_ANN_UN="82">
    <ANNEE>2022-09-08</ANNEE>
  </ANN_UNIV>
  <PARAMETRAGE ID_PARAM="99">
    <POURCENTAGE>0.5</POURCENTAGE>
    <COEFF>0.9</COEFF>
  </PARAMETRAGE>
  <SERIE_BAC ID_SERIE="77">
    <INTITULE type="science ex"/>
  </SERIE_BAC>
  <SERIE_BAC ID_SERIE="1">
    <INTITULE type="science ex">Série Scientifique Ex PC</INTITULE>
  </SERIE_BAC>
  <SERIE_BAC ID_SERIE="2">
    <INTITULE type="science math">Série Scientifique Math A</INTITULE>
  </SERIE_BAC>
  <!-- Ajouter d'autres séries BAC ici -->
  <TYPEDIPL ID_TYPEDP="101">
    <OPTION ID_OPTION="890" ID_TYPEDP="101">
      <LIBELLEOPTION>GI</LIBELLEOPTION>
    </OPTION>
    <OPTION ID_OPTION="891" ID_TYPEDP="101">
      <LIBELLEOPTION>Sc. données</LIBELLEOPTION>
    </OPTION>
    <LIBELLE>DUT</LIBELLE>
  </TYPEDIPL>
    <TYPEDIPL ID_TYPEDP="103">
    <OPTION ID_OPTION="890" ID_TYPEDP="103">
      <LIBELLEOPTION>Analyse de donnees</LIBELLEOPTION>
    </OPTION>
    <LIBELLE>DEUG</LIBELLE>
  </TYPEDIPL>
  <TYPEDIPL ID_TYPEDP="102">
    <OPTION ID_OPTION="789" ID_TYPEDP="102">
      <LIBELLEOPTION>GIM</LIBELLEOPTION>
    </OPTION>
    <LIBELLE>DTS</LIBELLE>
  </TYPEDIPL>
  <!-- Ajouter d'autres types de diplômes ici -->
  <REGION ID_REGION="301" REGION="kech safi">
    <PROVINCE ID_PROVINCE="401" ID_REGION="301">
      <VILLE>SAFI</VILLE>
    </PROVINCE>
    <PROVINCE ID_PROVINCE="402" ID_REGION="301">
      <VILLE>Kech</VILLE>
    </PROVINCE>
    <!-- Ajouter d'autres provinces ici -->
  </REGION>
  <!-- Ajouter d'autres régions ici -->
  <ETABLISEMENT IDETAB="501">
    <TYPE>true</TYPE>
    <!-- true pour public, false pour privé -->
    <NOMETAB>Université 1</NOMETAB>
  </ETABLISEMENT>
  <ETABLISEMENT IDETAB="502">
    <TYPE>false</TYPE>
    <NOMETAB>École</NOMETAB>
  </ETABLISEMENT>
  <!-- Ajouter d'autres établissements ici -->
  <PERIODE ID_PERIODE="24">
    <PHASE ID_PHASE="14" ID_PERIODE="24" INTITULEPH="inscription"/>
    <DATE_DEBUT>2023-09-08</DATE_DEBUT>
    <DATE_FIN>2023-09-18</DATE_FIN>
  </PERIODE>
  <PERIODE ID_PERIODE="25">
    <PHASE ID_PHASE="15" ID_PERIODE="25" INTITULEPH="pre-selection et concours"/>
    <DATE_DEBUT>2023-09-20</DATE_DEBUT>
    <DATE_FIN>2023-09-23</DATE_FIN>
  </PERIODE>
  <ROLE IDROLE="1" ROLE="respoISIR"/>
  <ROLE IDROLE="2" ROLE="respoTIMQ"/>
  <AUTHORISATION IDR="1" IDP="3"/>
  <PERMISSIONS ID_PERM="3" DROIT="dip_parametrage"/>
  <PERMISSIONS ID_PERM="4" DROIT="inscrire"/>
  <USER IDENTIFIANT="77" group="1">
    <NOM>Essalih</NOM>
    <PRENOM>Mohamed</PRENOM>
    <EMAIL>essalih@gmail.com</EMAIL>
    <MDP>67896</MDP>
  </USER>
  <USER IDENTIFIANT="79" group="2">
    <NOM>equation</NOM>
    <PRENOM>differentiellle</PRENOM>
    <EMAIL>x@gmail.com</EMAIL>
    <MDP>67897</MDP>
  </USER>
  <CANDIDAT IDENTIFIANT="78" IDLANG="96" CIN="HH305281" CNE="K149043152" APOGEE="21940">
    <NOM>ELAKIL</NOM>
    <PRENOM>HAKIMA</PRENOM>
    <EMAIL>elakil.hakima@gmail.com</EMAIL>
    <MDP>12345678</MDP>
    <DATE_NAIS>2004-02-02</DATE_NAIS>
    <ADRESSE>safi</ADRESSE>
    <NUM_TELE/>
    <DOSSIER ID_DOSSIER="67" IDENTIFIANT="70">
      <DOCUMENT IDDOC="64" ID_DOSSIER="67">
        <LIEN/>
      </DOCUMENT>
    </DOSSIER>
  </CANDIDAT>
  <CANDIDAT IDENTIFIANT="69" IDLANG="96" CIN="HA305281" CNE="K149043152" APOGEE="21941">
    <NOM>ELAKIL</NOM>
    <PRENOM>ZAYNAB</PRENOM>
    <EMAIL>elakil@gmail.com</EMAIL>
    <MDP>12345678</MDP>
    <DATE_NAIS>2005-02-05</DATE_NAIS>
    <ADRESSE>safi</ADRESSE>
    <NUM_TELE/>
    <DOSSIER ID_DOSSIER="69" IDENTIFIANT="70">
      <DOCUMENT IDDOC="68" ID_DOSSIER="69">
        <LIEN/>
      </DOCUMENT>
    </DOSSIER>
  </CANDIDAT>
  <DEPATEMENT IDDEP="15" IDENTIFIANT="77" NOMDEP="info">
    <LP IDLP="16" IDDEP="15" LIBELLELP="Informatique"/>
  </DEPATEMENT>
  <DEPATEMENT IDDEP="16" IDENTIFIANT="79" NOMDEP="TIMQ">
    <LP IDLP="17" IDDEP="15" LIBELLELP="management"/>
  </DEPATEMENT>
  <LP_ANN_UNI IDLP="16" ID_ANN_UN="81" NBR_ETDS="30"/>
  <LP_ANN_UNI IDLP="17" ID_ANN_UN="81" NBR_ETDS="30"/>
  <ACCEPTE IDLP="16" ID_OPTION="890" ID_TYPEDP="101"/>
  <ACCEPTE IDLP="16" ID_OPTION="891" ID_TYPEDP="101"/>
  <ACCEPTE IDLP="16" ID_OPTION="890" ID_TYPEDP="103"/>
  <ACCEPTE IDLP="17" ID_OPTION="789" ID_TYPEDP="102"/>
  <DIVISER CODE_COND="78" ID_PHASE="14"/>
  <DIVISER CODE_COND="78" ID_PHASE="15"/>
  <LANGUE IDLANG="96" codL="fr"/>
  <LANGUE IDLANG="97" codL="en"/>
  <LANGUE IDLANG="98" codL="ar"/>
  <USER_PERM ID_PERM="4" IDENTIFIANT="69"/>
  <BAC_2 CODE_DIP="123" ID_PARAM="99" ID_OPTION="890" ID_PROVINCE="402" IDETAB="501" IDENTIFIANT="78" ANNEE_OBTENTION="2023-06-01" ID_TYPEDP="101">
    <RELEVEANN IDRELEVE="555" CODE_DIP="123" ANNEEINSC="2023-09-01" ANNEEV="2024-06-01">
      <CLASSEMENT>1</CLASSEMENT>
      <NBRETDPROMO>100</NBRETDPROMO>
    </RELEVEANN>
    <MOYENNE>16.5</MOYENNE>
  </BAC_2>
  <BAC CODE_DIP="234" ID_PARAM="99" ID_OPTION="789" ID_PROVINCE="401" IDETAB="502" IDENTIFIANT="78" ANNEE_OBTENTION="2021-06-01" ID_SERIE="2">
    <MOYENNE>15.2</MOYENNE>
  </BAC>
</Base_de_donnees>
