﻿<?xml version="1.0" encoding="UTF-8"?>
<?xml-stylesheet type="text/xsl" href="result.xsl"?>
<ALL_STUDENT_DIPLOMAS>
  <STUDENT_DIPLOMAS>
    <STUDENT_INFO>
      <NOM >ELAKIL</NOM>
      <PRENOM >HAKIMA</PRENOM>
    </STUDENT_INFO>
    <DIPLOMA_INFO>
      <BAC_2  CODE_DIP="123" ID_PARAM="99" ID_OPTION="890" ID_PROVINCE="402" IDETAB="501" IDENTIFIANT="78" ANNEE_OBTENTION="2023-06-01" ID_TYPEDP="101">
        <RELEVEANN IDRELEVE="555" CODE_DIP="123" ANNEEINSC="2023-09-01" ANNEEV="2024-06-01">
          <CLASSEMENT>1</CLASSEMENT>
          <NBRETDPROMO>100</NBRETDPROMO>
        </RELEVEANN>
        <MOYENNE>14.5</MOYENNE>
      </BAC_2>
      <TYPEDIPL_INFO>
        <TYPEDIPL  ID_TYPEDP="101">
          <OPTION ID_OPTION="890" ID_TYPEDP="101">
            <LIBELLEOPTION>GI</LIBELLEOPTION>
          </OPTION>
          <LIBELLE>DUT</LIBELLE>
        </TYPEDIPL>
      </TYPEDIPL_INFO>
      <OPTION_INFO>
        <OPTION  ID_OPTION="890" ID_TYPEDP="101">
          <LIBELLEOPTION>GI</LIBELLEOPTION>
        </OPTION>
      </OPTION_INFO>
      <ETABLISHMENT_INFO>
        <ETABLISEMENT  IDETAB="501">
          <TYPE>true</TYPE>
          <!-- true pour public, false pour privé -->
          <NOMETAB>Université 1</NOMETAB>
        </ETABLISEMENT>
      </ETABLISHMENT_INFO>
      <PROVINCE_INFO>
        <PROVINCE  ID_PROVINCE="402" ID_REGION="301">
          <VILLE>Kech</VILLE>
        </PROVINCE>
      </PROVINCE_INFO>
    </DIPLOMA_INFO>
    <DIPLOMA_INFO>
      <BAC  CODE_DIP="234" ID_PARAM="99" ID_OPTION="789" ID_PROVINCE="401" IDETAB="502" IDENTIFIANT="78" ANNEE_OBTENTION="2021-06-01" ID_SERIE="2">
        <MOYENNE>16.64</MOYENNE>
      </BAC>
      <TYPEDIPL_INFO/>
      <OPTION_INFO>
        <OPTION  ID_OPTION="789" ID_TYPEDP="102">
          <LIBELLEOPTION>GIM</LIBELLEOPTION>
        </OPTION>
      </OPTION_INFO>
      <ETABLISHMENT_INFO>
        <ETABLISEMENT  IDETAB="502">
          <TYPE>false</TYPE>
          <NOMETAB>École</NOMETAB>
        </ETABLISEMENT>
      </ETABLISHMENT_INFO>
      <PROVINCE_INFO>
        <PROVINCE  ID_PROVINCE="401" ID_REGION="301">
          <VILLE>SAFI</VILLE>
        </PROVINCE>
      </PROVINCE_INFO>
    </DIPLOMA_INFO>
  </STUDENT_DIPLOMAS>
</ALL_STUDENT_DIPLOMAS>
